stage,condition,overall_accuracy,dim2_accuracy,source
reasoning_protocol,base_reasoning_prompt,0.5686868686868687,0.09090909090909091,analysis/summaries/cogmath_reasoning_supervision_qwen3_4b/validation_evaluations/base_reasoning_prompt/summary.json
reasoning_protocol,base_reasoning_prompt_512,0.6393939393939394,0.1111111111111111,analysis/summaries/cogmath_reasoning_supervision_qwen3_4b/validation_evaluations_512/base_reasoning_prompt_512/summary.json
reasoning_protocol,reasoning_adapter_reasoning_prompt,0.6424242424242425,0.12626262626262627,analysis/summaries/cogmath_reasoning_supervision_qwen3_4b/validation_evaluations/reasoning_adapter_reasoning_prompt/summary.json
reasoning_protocol,reasoning_adapter_reasoning_prompt_512,0.6505050505050505,0.12626262626262627,analysis/summaries/cogmath_reasoning_supervision_qwen3_4b/validation_evaluations_512/reasoning_adapter_reasoning_prompt_512/summary.json
augmentation,base_untuned,0.02727272727272727,,analysis/summaries/cogmath_augmentation_qwen3_4b_unique_full/validation_analysis/results_summary.csv
augmentation,original_only,0.2686868686868687,,analysis/summaries/cogmath_augmentation_qwen3_4b_unique_full/validation_analysis/results_summary.csv
augmentation,original_plus_dim1,0.26262626262626265,,analysis/summaries/cogmath_augmentation_qwen3_4b_unique_full/validation_analysis/results_summary.csv
augmentation,original_plus_dim2,0.27575757575757576,,analysis/summaries/cogmath_augmentation_qwen3_4b_unique_full/validation_analysis/results_summary.csv
augmentation,original_plus_dim4,0.2717171717171717,,analysis/summaries/cogmath_augmentation_qwen3_4b_unique_full/validation_analysis/results_summary.csv
augmentation,original_plus_dim6,0.2676767676767677,,analysis/summaries/cogmath_augmentation_qwen3_4b_unique_full/validation_analysis/results_summary.csv
augmentation,original_plus_dim2_dim4,0.2696969696969697,,analysis/summaries/cogmath_augmentation_qwen3_4b_unique_full/validation_analysis/results_summary.csv
augmentation,original_plus_all,0.2787878787878788,,analysis/summaries/cogmath_augmentation_qwen3_4b_unique_full/validation_analysis/results_summary.csv
budget_control,budget_original_only,0.6181818181818182,0.09090909090909091,analysis/summaries/cogmath_reasoning_budget_control_qwen3_4b/validation_analysis/results_summary.csv
budget_control,budget_original_plus_dim2,0.6565656565656566,0.2474747474747475,analysis/summaries/cogmath_reasoning_budget_control_qwen3_4b/validation_analysis/results_summary.csv
budget_control,budget_original_plus_dim4,0.6292929292929293,0.12121212121212122,analysis/summaries/cogmath_reasoning_budget_control_qwen3_4b/validation_analysis/results_summary.csv
budget_control,budget_original_plus_dim2_dim4,0.6575757575757576,0.22727272727272727,analysis/summaries/cogmath_reasoning_budget_control_qwen3_4b/validation_analysis/results_summary.csv
budget_control,budget_original_plus_all,0.6525252525252525,0.20202020202020202,analysis/summaries/cogmath_reasoning_budget_control_qwen3_4b/validation_analysis/results_summary.csv
lora_placement,q_only_original_only,0.6707070707070707,0.14646464646464646,analysis/summaries/cogmath_reasoning_lora_placement_qwen3_4b/validation_analysis/results_summary.csv
lora_placement,q_only_plus_dim2,0.6606060606060606,0.16666666666666666,analysis/summaries/cogmath_reasoning_lora_placement_qwen3_4b/validation_analysis/results_summary.csv
lora_placement,qv_original_only,0.6727272727272727,0.15656565656565657,analysis/summaries/cogmath_reasoning_lora_placement_qwen3_4b/validation_analysis/results_summary.csv
lora_placement,qv_plus_dim2,0.6767676767676768,0.2222222222222222,analysis/summaries/cogmath_reasoning_lora_placement_qwen3_4b/validation_analysis/results_summary.csv
lora_placement,attention_all_original_only,0.6545454545454545,0.12121212121212122,analysis/summaries/cogmath_reasoning_lora_placement_qwen3_4b/validation_analysis/results_summary.csv
lora_placement,attention_all_plus_dim2,0.6858585858585858,0.24242424242424243,analysis/summaries/cogmath_reasoning_lora_placement_qwen3_4b/validation_analysis/results_summary.csv
lora_placement,mlp_only_original_only,0.6191919191919192,0.10606060606060606,analysis/summaries/cogmath_reasoning_lora_placement_qwen3_4b/validation_analysis/results_summary.csv
lora_placement,mlp_only_plus_dim2,0.6575757575757576,0.23232323232323232,analysis/summaries/cogmath_reasoning_lora_placement_qwen3_4b/validation_analysis/results_summary.csv
lora_placement,all_linear_original_only,0.6181818181818182,0.09090909090909091,analysis/summaries/cogmath_reasoning_lora_placement_qwen3_4b/validation_analysis/results_summary.csv
lora_placement,all_linear_plus_dim2,0.6565656565656566,0.2474747474747475,analysis/summaries/cogmath_reasoning_lora_placement_qwen3_4b/validation_analysis/results_summary.csv
attention_control,causal_original_only,0.6181818181818182,0.09090909090909091,analysis/summaries/cogmath_reasoning_attention_control_qwen3_4b/validation_analysis/results_summary.csv
attention_control,causal_original_plus_dim2,0.6565656565656566,0.2474747474747475,analysis/summaries/cogmath_reasoning_attention_control_qwen3_4b/validation_analysis/results_summary.csv
attention_control,causal_original_plus_all,0.6525252525252525,0.20202020202020202,analysis/summaries/cogmath_reasoning_attention_control_qwen3_4b/validation_analysis/results_summary.csv
attention_control,prompt_bidir_original_only,0.5626262626262626,0.11616161616161616,analysis/summaries/cogmath_reasoning_attention_control_qwen3_4b/validation_analysis/results_summary.csv
attention_control,prompt_bidir_original_plus_dim2,0.5878787878787879,0.23737373737373738,analysis/summaries/cogmath_reasoning_attention_control_qwen3_4b/validation_analysis/results_summary.csv
attention_control,prompt_bidir_original_plus_all,0.604040404040404,0.22727272727272727,analysis/summaries/cogmath_reasoning_attention_control_qwen3_4b/validation_analysis/results_summary.csv
deliberation,first_pass_no_revision,0.6545454545454545,,analysis/summaries/final_thesis_deliberation_qwen3_4b/validation_analysis/condition_summary.csv
deliberation,causal_revision,0.4353535353535353,,analysis/summaries/final_thesis_deliberation_qwen3_4b/validation_analysis/condition_summary.csv
deliberation,bidir_trace_revision,0.00101010101010101,,analysis/summaries/final_thesis_deliberation_qwen3_4b/validation_analysis/condition_summary.csv
